aukb_domain_wt_unrelaxed_rank_041_alphafold2_ptm_model_2_seed_003|(0.8190973401069641, 16, 2, 1.4432997703552246, 17, 3.689629316329956, 3) 
aukb_domain_wt_unrelaxed_rank_001_alphafold2_ptm_model_1_seed_002|(0.8131173849105835, 16, 2, 1.4398738145828247, 17, 3.693671941757202, 3) 
aukb_domain_wt_unrelaxed_rank_029_alphafold2_ptm_model_4_seed_008|(0.8168954849243164, 16, 2, 1.4383777379989624, 17, 3.574380397796631, 3) 
aukb_domain_wt_unrelaxed_rank_049_alphafold2_ptm_model_5_seed_008|(0.7973695397377014, 16, 2, 1.4215959310531616, 17, 3.473823070526123, 3) 
aukb_domain_wt_unrelaxed_rank_009_alphafold2_ptm_model_2_seed_002|(0.8164777159690857, 16, 2, 1.4447529315948486, 17, 3.6349337100982666, 3) 
aukb_domain_wt_unrelaxed_rank_042_alphafold2_ptm_model_3_seed_000|(0.8228285312652588, 16, 2, 1.4515060186386108, 17, 3.655627489089966, 3) 
aukb_domain_wt_unrelaxed_rank_019_alphafold2_ptm_model_4_seed_003|(0.1906021535396576, 10, 4, 1.3738054037094116, 13, 3.455888032913208, 2) 
aukb_domain_wt_unrelaxed_rank_015_alphafold2_ptm_model_4_seed_000|(0.8294503688812256, 16, 2, 1.4551036357879639, 17, 3.7044079303741455, 3) 
aukb_domain_wt_unrelaxed_rank_046_alphafold2_ptm_model_3_seed_009|(0.4531720280647278, 10, 1, 0.4531720280647278, 10, 3.483128547668457, 2) 
aukb_domain_wt_unrelaxed_rank_021_alphafold2_ptm_model_1_seed_009|(0.8150116801261902, 16, 2, 1.4389113187789917, 17, 3.8311824798583984, 3) 
aukb_domain_wt_unrelaxed_rank_031_alphafold2_ptm_model_5_seed_007|(0.8097371459007263, 16, 2, 1.4363155364990234, 17, 3.7636911869049072, 3) 
aukb_domain_wt_unrelaxed_rank_032_alphafold2_ptm_model_4_seed_006|(0.8237022161483765, 16, 2, 1.4569634199142456, 17, 3.7068772315979004, 3) 
aukb_domain_wt_unrelaxed_rank_003_alphafold2_ptm_model_2_seed_004|(0.8242016434669495, 16, 2, 1.454682469367981, 17, 3.6312053203582764, 3) 
aukb_domain_wt_unrelaxed_rank_043_alphafold2_ptm_model_3_seed_008|(0.8192736506462097, 16, 2, 1.4472074508666992, 17, 3.57332181930542, 3) 
aukb_domain_wt_unrelaxed_rank_048_alphafold2_ptm_model_3_seed_004|(0.8247780203819275, 16, 2, 1.4545140266418457, 17, 3.6490325927734375, 3) 
aukb_domain_wt_unrelaxed_rank_017_alphafold2_ptm_model_4_seed_009|(0.19017337262630463, 10, 4, 1.3821771144866943, 13, 3.443669557571411, 2) 
aukb_domain_wt_unrelaxed_rank_018_alphafold2_ptm_model_1_seed_000|(0.8136334419250488, 16, 2, 1.4371871948242188, 17, 3.836414098739624, 3) 
aukb_domain_wt_unrelaxed_rank_034_alphafold2_ptm_model_5_seed_002|(0.8157183527946472, 16, 2, 1.443398118019104, 17, 3.5640273094177246, 3) 
aukb_domain_wt_unrelaxed_rank_038_alphafold2_ptm_model_3_seed_001|(0.20312471687793732, 10, 4, 1.361849308013916, 13, 3.409874677658081, 2) 
aukb_domain_wt_unrelaxed_rank_020_alphafold2_ptm_model_2_seed_009|(0.19800840318202972, 10, 4, 1.375523328781128, 13, 3.34220027923584, 2) 
aukb_domain_wt_unrelaxed_rank_010_alphafold2_ptm_model_2_seed_001|(0.20542238652706146, 10, 4, 1.3686914443969727, 13, 3.348691701889038, 2) 
aukb_domain_wt_unrelaxed_rank_004_alphafold2_ptm_model_2_seed_008|(0.20234538614749908, 10, 4, 1.3702861070632935, 13, 3.3323380947113037, 2) 
aukb_domain_wt_unrelaxed_rank_044_alphafold2_ptm_model_3_seed_007|(0.8211745023727417, 16, 2, 1.447036623954773, 17, 3.5853981971740723, 3) 
aukb_domain_wt_unrelaxed_rank_028_alphafold2_ptm_model_4_seed_004|(0.8237670063972473, 16, 2, 1.4554780721664429, 17, 3.6569952964782715, 3) 
aukb_domain_wt_unrelaxed_rank_047_alphafold2_ptm_model_5_seed_006|(0.8130728602409363, 16, 2, 1.4470657110214233, 17, 3.5386788845062256, 3) 
aukb_domain_wt_unrelaxed_rank_027_alphafold2_ptm_model_4_seed_007|(0.19889359176158905, 10, 4, 1.3598860502243042, 13, 3.428985834121704, 2) 
aukb_domain_wt_unrelaxed_rank_008_alphafold2_ptm_model_1_seed_008|(0.8004956245422363, 16, 2, 1.4231840372085571, 17, 3.5876247882843018, 3) 
aukb_domain_wt_unrelaxed_rank_037_alphafold2_ptm_model_1_seed_003|(0.8172861933708191, 16, 2, 1.4460780620574951, 17, 3.6928529739379883, 3) 
aukb_domain_wt_unrelaxed_rank_040_alphafold2_ptm_model_5_seed_003|(0.8053944110870361, 16, 2, 1.4373811483383179, 17, 3.891998291015625, 3) 
aukb_domain_wt_unrelaxed_rank_023_alphafold2_ptm_model_4_seed_002|(0.8269630670547485, 16, 2, 1.4550583362579346, 17, 3.955871105194092, 3) 
aukb_domain_wt_unrelaxed_rank_030_alphafold2_ptm_model_5_seed_005|(0.8214557766914368, 16, 2, 1.4466290473937988, 17, 3.635810136795044, 3) 
aukb_domain_wt_unrelaxed_rank_013_alphafold2_ptm_model_1_seed_006|(0.8096542358398438, 16, 2, 1.440651774406433, 17, 4.074509620666504, 3) 
aukb_domain_wt_unrelaxed_rank_014_alphafold2_ptm_model_2_seed_006|(0.8162011504173279, 16, 2, 1.4461820125579834, 17, 3.690314769744873, 3) 
aukb_domain_wt_unrelaxed_rank_007_alphafold2_ptm_model_4_seed_001|(0.21121184527873993, 10, 4, 1.3539999723434448, 13, 3.4519214630126953, 2) 
aukb_domain_wt_unrelaxed_rank_033_alphafold2_ptm_model_5_seed_000|(0.1847638040781021, 10, 4, 1.3765181303024292, 13, 3.3704288005828857, 2) 
aukb_domain_wt_unrelaxed_rank_024_alphafold2_ptm_model_1_seed_007|(0.8131701946258545, 16, 2, 1.4386422634124756, 17, 4.022529602050781, 3) 
aukb_domain_wt_unrelaxed_rank_050_alphafold2_ptm_model_3_seed_006|(0.8247759342193604, 16, 2, 1.4560480117797852, 17, 3.7032828330993652, 3) 
aukb_domain_wt_unrelaxed_rank_016_alphafold2_ptm_model_1_seed_004|(0.2026696801185608, 10, 4, 1.373375415802002, 13, 3.4880306720733643, 2) 
aukb_domain_wt_unrelaxed_rank_002_alphafold2_ptm_model_2_seed_005|(0.8297093510627747, 16, 2, 1.4539371728897095, 17, 3.6978163719177246, 3) 
aukb_domain_wt_unrelaxed_rank_012_alphafold2_ptm_model_4_seed_005|(0.19473783671855927, 10, 4, 1.3870638608932495, 13, 3.468371629714966, 2) 
aukb_domain_wt_unrelaxed_rank_045_alphafold2_ptm_model_3_seed_002|(0.2180025428533554, 10, 1, 0.2180025428533554, 10, 4.0227460861206055, 2) 
aukb_domain_wt_unrelaxed_rank_005_alphafold2_ptm_model_1_seed_005|(0.8144258856773376, 16, 2, 1.4409962892532349, 17, 3.6528167724609375, 3) 
aukb_domain_wt_unrelaxed_rank_006_alphafold2_ptm_model_1_seed_001|(0.8091293573379517, 16, 2, 1.4390143156051636, 17, 3.799393653869629, 3) 
aukb_domain_wt_unrelaxed_rank_025_alphafold2_ptm_model_2_seed_000|(0.819580614566803, 16, 2, 1.4480607509613037, 17, 3.642442226409912, 3) 
aukb_domain_wt_unrelaxed_rank_022_alphafold2_ptm_model_5_seed_009|(0.18695075809955597, 10, 4, 1.3737152814865112, 13, 3.4063708782196045, 2) 
aukb_domain_wt_unrelaxed_rank_011_alphafold2_ptm_model_2_seed_007|(0.812330424785614, 16, 2, 1.438159465789795, 17, 3.8736538887023926, 3) 
aukb_domain_wt_unrelaxed_rank_036_alphafold2_ptm_model_5_seed_004|(0.8198493719100952, 16, 2, 1.4483773708343506, 17, 3.5624215602874756, 3) 
aukb_domain_wt_unrelaxed_rank_026_alphafold2_ptm_model_3_seed_005|(0.19681696593761444, 10, 4, 1.3815072774887085, 13, 3.4495253562927246, 2) 
aukb_domain_wt_unrelaxed_rank_035_alphafold2_ptm_model_5_seed_001|(0.8098260164260864, 16, 2, 1.4376096725463867, 17, 3.565023899078369, 3) 
aukb_domain_wt_unrelaxed_rank_039_alphafold2_ptm_model_3_seed_003|(0.8313339948654175, 16, 2, 1.4619249105453491, 17, 3.6662564277648926, 3) 
